nexusmutant.eth,1,1,20855.57467600575
twiddle.eth,1,1,114125.50956242914
0x8D38C81B7bE9Dbe7440D66B92d4EF529806baAE7,1,1,36535.001993689984
0x8876a77e19164C6FbAb207761c7d6Afe29F31764,1,1,0.0078201408531526
0x7887e4018f76168fEd87210C16444E16A7d6bBAD,1,1,127.17226736977024
0x07cD0dffB4ca317c56c232A8130a7c3f07BF207A,1,1,2250.0
0x7887e4018f76168fEd87210C16444E16A7d6bBAD,2,1,127.17226736977024
tomfutago.eth,2,1,40.27
twiddle.eth,2,1,115041.595169722
0x8D38C81B7bE9Dbe7440D66B92d4EF529806baAE7,4,1,46535.001993689984
nexusmutant.eth,4,3,12595.86920753389
twiddle.eth,4,1,107902.9451696226
0xd6CE9335f5A68e885271CdbE460b7A4FED5FeDA9,4,1,55.629055692016905
0x7887e4018f76168fEd87210C16444E16A7d6bBAD,4,1,120.0294102269131
0x8D38C81B7bE9Dbe7440D66B92d4EF529806baAE7,5,1,46535.001993689984
nexusmutant.eth,5,3,12595.86920753389
twiddle.eth,5,1,107902.9451696226
0xd6CE9335f5A68e885271CdbE460b7A4FED5FeDA9,5,1,55.629055692016905
0x7887e4018f76168fEd87210C16444E16A7d6bBAD,5,1,120.0294102269131
0x40329f3E27dD3fe228799b4A665F6f104c2Ab6b4,6,3,19.240353714746178
0xE4994082A0E7f38B565e6c5f4afD608de5EDDfBb,6,3,62.085825095969675
nexusmutant.eth,6,1,12522.59299763389
0x8D38C81B7bE9Dbe7440D66B92d4EF529806baAE7,6,1,51535.001993689984
twiddle.eth,6,1,107902.9451696226
0xd6CE9335f5A68e885271CdbE460b7A4FED5FeDA9,6,1,55.629055692016905
twiddle.eth,7,1,103333.86066723985
0x7887e4018f76168fEd87210C16444E16A7d6bBAD,7,1,110.4215670896582
nexusmutant.eth,7,1,2249.3669844283136
0x6c68B7CB55fFCB3c27051107CAf3fdDe5d9dF239,7,1,1489.3
0x5929cC4D10b6a1acc5bF5D221889f10251C628A1,7,1,95.45859413651706
0xd6CE9335f5A68e885271CdbE460b7A4FED5FeDA9,7,1,9.374495165189424
0x7887e4018f76168fEd87210C16444E16A7d6bBAD,8,1,110.4215670896582
0xfc3B069b0ddbBd160438775367DF99654D0e6B1E,8,1,252.6446017518171
twiddle.eth,8,1,107333.86066723985
pintxo.eth,9,2,46574.48054502478
0xB7c575C5e12D6c6c51B31b69553CF262Dd2D4e6A,9,2,6281.907577157872
0x8D38C81B7bE9Dbe7440D66B92d4EF529806baAE7,9,2,58635.001993689984
twiddle.eth,9,3,149551.51249651203
0xF1f756AafaB77Ef2fec51b567Df1e23332F4ac78,9,1,164158.90006734
0x3F99Fb383798abfEb308b6c797Ec49E405383e28,9,2,518.0512133318125
0xA6bbD8dcAE61129f7DadD8a77834681453D8A69A,9,3,0.0031607133501193
nexusmutant.eth,9,3,1228.516250806545
0x1A8c53147E7b61C015159723408762fc60A34D17,9,3,272177.0
0x656d786dad2380de017812c1C0D93DDee4ff025a,9,1,11648.083901591568
0x25783B67b5e29c48449163Db19842b8531fddE43,9,3,420590.2054732329
0xb7a2C9F9f52F7d575C1d1cdb8B3D046D69990991,9,3,100002.98763289758
0x7887e4018f76168fEd87210C16444E16A7d6bBAD,9,3,110.4215670896582
pintxo.eth,10,2,46574.48054502478
0xB7c575C5e12D6c6c51B31b69553CF262Dd2D4e6A,10,3,6281.907577157872
0xfB4cB868727D9622258bf2B26A8CFc95f6742669,10,2,111573.7783916659
0x8D38C81B7bE9Dbe7440D66B92d4EF529806baAE7,10,2,58635.001993689984
twiddle.eth,10,2,149551.51249651203
0xF1f756AafaB77Ef2fec51b567Df1e23332F4ac78,10,2,164158.90006734
0x3F99Fb383798abfEb308b6c797Ec49E405383e28,10,2,518.0512133318125
nexusmutant.eth,10,2,1228.516250806545
0x2079C29Be9c8095042edB95f293B5b510203d6cE,10,2,10037.7104657051
0x1A8c53147E7b61C015159723408762fc60A34D17,10,3,272177.0
0x7887e4018f76168fEd87210C16444E16A7d6bBAD,10,3,110.4215670896582
0x274bA7fB04f4F79bB58f53aae5C384A060De836d,10,2,1.0169649187119378
0x656d786dad2380de017812c1C0D93DDee4ff025a,10,2,11648.083901591568
0x25783B67b5e29c48449163Db19842b8531fddE43,10,2,420590.2054732329
0xb7a2C9F9f52F7d575C1d1cdb8B3D046D69990991,10,2,100002.98763289758
pintxo.eth,11,3,46574.48054502478
0xB7c575C5e12D6c6c51B31b69553CF262Dd2D4e6A,11,2,6281.907577157872
0xfB4cB868727D9622258bf2B26A8CFc95f6742669,11,4,111573.7783916659
0x8D38C81B7bE9Dbe7440D66B92d4EF529806baAE7,11,3,58635.001993689984
twiddle.eth,11,2,149551.51249651203
0xF1f756AafaB77Ef2fec51b567Df1e23332F4ac78,11,4,164158.90006734
0x3F99Fb383798abfEb308b6c797Ec49E405383e28,11,4,518.0512133318125
nexusmutant.eth,11,3,1228.516250806545
0x2079C29Be9c8095042edB95f293B5b510203d6cE,11,4,10037.7104657051
0x1A8c53147E7b61C015159723408762fc60A34D17,11,1,272177.0
0x7887e4018f76168fEd87210C16444E16A7d6bBAD,11,1,110.4215670896582
0x274bA7fB04f4F79bB58f53aae5C384A060De836d,11,4,1.0169649187119378
0x656d786dad2380de017812c1C0D93DDee4ff025a,11,4,11648.083901591568
0x25783B67b5e29c48449163Db19842b8531fddE43,11,3,420590.2054732329
0xb7a2C9F9f52F7d575C1d1cdb8B3D046D69990991,11,3,100002.98763289758
0x5929cC4D10b6a1acc5bF5D221889f10251C628A1,12,1,95.45859413651706
0xB7c575C5e12D6c6c51B31b69553CF262Dd2D4e6A,12,1,1280.897577157872
0x4f38F2DA7720F1077A45b80E88c0A78C0144c136,12,1,3.11e-15
0x7887e4018f76168fEd87210C16444E16A7d6bBAD,12,1,110.4215670896582
0xF2f3d01b47c21a2339f3A508531DA76A9380dCd7,12,1,22.71682023603408
pintxo.eth,13,2,45542.97143180878
0xB7c575C5e12D6c6c51B31b69553CF262Dd2D4e6A,13,2,1280.897577157872
0xa179f67882711957307eDf3Df0c9eE4F63026a12,13,1,110680.06768597392
0x7887e4018f76168fEd87210C16444E16A7d6bBAD,13,3,110.4215670896582
0x53e60bb4603950377Ea15b268b5741143369952F,13,1,603.1597905381959
0xF99b3a13d46A04735BF3828eB3030cfED5Ea0087,13,2,54923.65870222653
nexusmutant.eth,13,2,1215.1814883245036
twiddle.eth,13,2,162159.90249639982
0xe28f4d644942159Dd5b46D17F63e2B142ae70eF9,13,3,8.245740364373736
pintxo.eth,14,3,45542.97143180878
0xB7c575C5e12D6c6c51B31b69553CF262Dd2D4e6A,14,1,1280.897577157872
0xa179f67882711957307eDf3Df0c9eE4F63026a12,14,1,110680.06768597392
0x7887e4018f76168fEd87210C16444E16A7d6bBAD,14,1,110.4215670896582
0xF99b3a13d46A04735BF3828eB3030cfED5Ea0087,14,1,54923.65870222653
nexusmutant.eth,14,1,1215.1814883245036
twiddle.eth,14,1,162159.90249639982
0x8D38C81B7bE9Dbe7440D66B92d4EF529806baAE7,14,1,58635.001993689984
0xe28f4d644942159Dd5b46D17F63e2B142ae70eF9,14,1,8.245740364373736
pintxo.eth,15,1,45542.97143180878
0xB7c575C5e12D6c6c51B31b69553CF262Dd2D4e6A,15,1,1280.897577157872
0xa179f67882711957307eDf3Df0c9eE4F63026a12,15,1,110680.06768597392
0x7887e4018f76168fEd87210C16444E16A7d6bBAD,15,1,110.4215670896582
0xF99b3a13d46A04735BF3828eB3030cfED5Ea0087,15,1,54923.65870222653
nexusmutant.eth,15,1,1215.1814883245036
twiddle.eth,15,1,162159.90249639982
0x8D38C81B7bE9Dbe7440D66B92d4EF529806baAE7,15,1,58635.001993689984
0xe28f4d644942159Dd5b46D17F63e2B142ae70eF9,15,1,8.245740364373736
pintxo.eth,16,2,45542.97143180878
0xB7c575C5e12D6c6c51B31b69553CF262Dd2D4e6A,16,1,1280.897577157872
0xa179f67882711957307eDf3Df0c9eE4F63026a12,16,1,110680.06768597392
0x7887e4018f76168fEd87210C16444E16A7d6bBAD,16,1,110.4215670896582
0xF99b3a13d46A04735BF3828eB3030cfED5Ea0087,16,1,54923.65870222653
nexusmutant.eth,16,1,1215.1814883245036
twiddle.eth,16,1,162153.41619952765
0x8D38C81B7bE9Dbe7440D66B92d4EF529806baAE7,16,1,58635.001993689984
0x7887e4018f76168fEd87210C16444E16A7d6bBAD,17,2,110.24382435363717
pintxo.eth,17,1,49541.34552377349
0xC3774aF3452628636D031544D1e8893c3D8701AB,17,1,2366.5297203115583
0x07cD0dffB4ca317c56c232A8130a7c3f07BF207A,17,1,10576.63862565403
nexusmutant.eth,17,1,2211.373517902598
0x4AdA1B9D9fe28aBd9585f58cfEeD2169A39e1c6b,17,1,439.016242413257
0x5929cC4D10b6a1acc5bF5D221889f10251C628A1,17,1,137.3402308274124
0x7231B28F08A5c8978C09A81237f45088F8B6A0BC,17,1,265.32186778833807
twiddle.eth,17,1,203860.6953672446
0x008B1FFe244bF31896C833bFf4Ad9009E7A0f4Eb,17,1,254.7504128112061
0x0A977B7c815b4Dc13475f12Ef8D66DAbF073f17A,17,1,572.1511345753366
0xB7c575C5e12D6c6c51B31b69553CF262Dd2D4e6A,17,2,1275.8125947518276
0x3EAD00d7E1B95c5E99F287f04c72f62f2CB67c80,17,1,1132.2199769399313
0x656d786dad2380de017812c1C0D93DDee4ff025a,17,2,11648.083901591568
0x8D38C81B7bE9Dbe7440D66B92d4EF529806baAE7,17,1,58586.07855483053
0x716722C80757FFF31DA3F3C392A1736b7cfa3A3e,17,1,1.387813578305565
0x53e60bb4603950377Ea15b268b5741143369952F,17,1,603.0715312231789
0xb7a2C9F9f52F7d575C1d1cdb8B3D046D69990991,17,1,100002.98763289758
0x25783B67b5e29c48449163Db19842b8531fddE43,17,1,420590.2054732329
0x4ad18ec7aB0DF1b1f1642B731848c4c051674B9f,18,1,37.35776528807098
0x4AdA1B9D9fe28aBd9585f58cfEeD2169A39e1c6b,18,1,437.9060389803962
0x7887e4018f76168fEd87210C16444E16A7d6bBAD,18,1,110.01148992859406
0x5929cC4D10b6a1acc5bF5D221889f10251C628A1,18,1,75.87473682197216
0x546a0cB802377153B4fEAe052a5ed14C98B3CC9C,18,1,1010.4877430698316
0x4A24fd841E74C28309BCa5730B40679e18C5FcA0,18,3,26.93979616441886
twiddle.eth,18,1,203677.84672807564
0xDb1Ed00EBd95E74399F508B75203b3703EddaC8A,18,3,3.9571834461903377
0x9e9Bbd60b1f2a177d11280636fFE4892A89a5912,18,1,19.13309716265322
0xee2826453A4Fd5AfeB7ceffeEF3fFA2320081268,19,2,19984.428157322323
0xfc3B069b0ddbBd160438775367DF99654D0e6B1E,19,2,127.30878436229897
0x4334703B0B74E2045926f82F4158A103fCE1Df4f,19,2,1998.2078681134733
0xdEB08D04004ea00BB6898D19267f7d3399E2827D,19,2,9153.693968194284
0x07cD0dffB4ca317c56c232A8130a7c3f07BF207A,19,2,5950.467209692724
0xca768c37ba6EC3d67bE7B47bbE1F1C94CA216f46,19,1,151.2854767697095
0x53e60bb4603950377Ea15b268b5741143369952F,19,2,603.0715312231789
0xB7c575C5e12D6c6c51B31b69553CF262Dd2D4e6A,19,2,1119.4956644337951
0x4A24fd841E74C28309BCa5730B40679e18C5FcA0,19,3,26.93979616441886
0x7887e4018f76168fEd87210C16444E16A7d6bBAD,19,2,108.87857014243473
0x301972e39caD71cCe89CE18A00FfE4C4b266EbCf,19,2,16.09044976296549
0x4A289342CDcF0317CFcC15daE2D4d87444E891d2,19,2,1.9954549279433011
nexusmutant.eth,19,2,2211.373517902598
twiddle.eth,19,2,203150.75572854173
0x4A24fd841E74C28309BCa5730B40679e18C5FcA0,20,1,26.93979616441886
0x5929cC4D10b6a1acc5bF5D221889f10251C628A1,20,1,28.8035316322255
0xdEB08D04004ea00BB6898D19267f7d3399E2827D,21,3,1073.4666890857534
0x4A24fd841E74C28309BCa5730B40679e18C5FcA0,21,3,26.93979616441886
0x7887e4018f76168fEd87210C16444E16A7d6bBAD,21,3,107.56807892626748
0x716722C80757FFF31DA3F3C392A1736b7cfa3A3e,21,3,1.387813578305565
0xB7c575C5e12D6c6c51B31b69553CF262Dd2D4e6A,21,3,1102.9070675732407
0x5929cC4D10b6a1acc5bF5D221889f10251C628A1,21,3,34.19874993744509
0x16851475310882CF7678C372Af51DdE534c097B1,21,3,122.4424547800352
0xC3774aF3452628636D031544D1e8893c3D8701AB,21,3,2366.5297203115583
0x4ad18ec7aB0DF1b1f1642B731848c4c051674B9f,21,3,36.794583364396495
0x3EAD00d7E1B95c5E99F287f04c72f62f2CB67c80,21,3,1417.4440310973455
0x53e60bb4603950377Ea15b268b5741143369952F,21,3,603.0715312231789
0x9e9Bbd60b1f2a177d11280636fFE4892A89a5912,21,3,19.090154355350236
0x4A24fd841E74C28309BCa5730B40679e18C5FcA0,22,2,26.93979616441886
0x7887e4018f76168fEd87210C16444E16A7d6bBAD,22,1,107.56807892626748
0xB7c575C5e12D6c6c51B31b69553CF262Dd2D4e6A,22,2,1102.9070675732407
0xdEB08D04004ea00BB6898D19267f7d3399E2827D,22,2,1073.4666890857534
0x5929cC4D10b6a1acc5bF5D221889f10251C628A1,22,1,34.19874993744509
0x4ad18ec7aB0DF1b1f1642B731848c4c051674B9f,22,2,36.794583364396495
0x3EAD00d7E1B95c5E99F287f04c72f62f2CB67c80,22,2,1417.4440310973455
0x53e60bb4603950377Ea15b268b5741143369952F,22,2,603.0715312231789
0x9e9Bbd60b1f2a177d11280636fFE4892A89a5912,22,2,19.090154355350236
nexusmutant.eth,23,1,291.00320550314257
0x53e60bb4603950377Ea15b268b5741143369952F,23,1,721.7945430228268
0x6c11C151adC437dB6b95968997aB8CaA0d7188d0,23,1,429.34148340996734
0xF053aDb5D6310219f84B5792db23a4feD3C25d57,23,1,1.5189537653494265
0x274bA7fB04f4F79bB58f53aae5C384A060De836d,23,1,27.026682045063833
0xa326e7236d4C227501C2279422573242661235f3,23,1,866.5067410814353
0x3EAD00d7E1B95c5E99F287f04c72f62f2CB67c80,23,1,1476.3850956214217
0x2D31810FE3A749E18aE9a63e33c2A4feEC3bCe1A,23,1,0.4215973574228361
0xbAa882D68FC5325fC3899dE264F24B5981523A5C,23,1,150.96060749232996
0xcC6699821f04906d1a3142F612fbb3AC8a8c463a,23,1,161.51531789125892
0xdEB08D04004ea00BB6898D19267f7d3399E2827D,23,1,10741.288256918087
0xa60DD9d42fdD43E91Da63BD261997E14F21C69Fd,23,1,23.127548226629074
0x16851475310882CF7678C372Af51DdE534c097B1,24,1,121.69870244068868
0xCE83731Fa5730454e7D3A054Bf0ab1Ec6e37e8AA,24,1,495.7002453115196
0x4ad18ec7aB0DF1b1f1642B731848c4c051674B9f,24,1,34.20454918304822
0x067Ef3c16F47cca6a3ACB5942C6D4BC89Ed0A8B1,24,1,175.24733150061564
0x7887e4018f76168fEd87210C16444E16A7d6bBAD,24,1,106.9421576023088
0x3EAD00d7E1B95c5E99F287f04c72f62f2CB67c80,24,1,1414.927021428626
0xB7c575C5e12D6c6c51B31b69553CF262Dd2D4e6A,24,1,1097.8710977577769
0xF1f756AafaB77Ef2fec51b567Df1e23332F4ac78,24,1,3608.07446217
0x10cCD4136471c7c266a9Fc4569622989Fb4caB99,25,1,534.0998861244119
0x4A24fd841E74C28309BCa5730B40679e18C5FcA0,25,1,26.93979616441886
0x4A289342CDcF0317CFcC15daE2D4d87444E891d2,25,1,1.9954549279433011
0xdEB08D04004ea00BB6898D19267f7d3399E2827D,25,1,1073.4666890857534
0xCE83731Fa5730454e7D3A054Bf0ab1Ec6e37e8AA,25,1,495.7002453115196
0x4ad18ec7aB0DF1b1f1642B731848c4c051674B9f,25,1,34.20454918304822
0x067Ef3c16F47cca6a3ACB5942C6D4BC89Ed0A8B1,25,1,175.24733150061564
0x7887e4018f76168fEd87210C16444E16A7d6bBAD,25,1,106.9421576023088
0x3EAD00d7E1B95c5E99F287f04c72f62f2CB67c80,25,1,1414.927021428626
0x3EAD00d7E1B95c5E99F287f04c72f62f2CB67c80,26,2,1413.423308963309
0x10cCD4136471c7c266a9Fc4569622989Fb4caB99,26,2,532.7016214513127
0x7887e4018f76168fEd87210C16444E16A7d6bBAD,26,1,106.59934668209743
0x4AdA1B9D9fe28aBd9585f58cfEeD2169A39e1c6b,26,2,417.9564041885729
0xbAa882D68FC5325fC3899dE264F24B5981523A5C,26,2,20.225967106187323
0xb727Cdaf7C727bE131834C6a3c41587EffFe25c3,26,2,0.0051768094566991
0x8729f5c04aB02254328Bc832cD37a0be2725C61f,26,1,1.0472328426940425
0x1d5228eb63DB25286074Dc68B1817490C7D26Db8,26,2,43.94056467164515
0x92A0b2C089733beF43Ac367D2CE7783526AEA590,26,2,27.82480218405722
0x4A289342CDcF0317CFcC15daE2D4d87444E891d2,26,1,1.9954549279433011
0x83D2486b9646cF6F7A4EA8F0CfA8dfb961F9d6BB,26,1,42.57774494480897
0x4A24fd841E74C28309BCa5730B40679e18C5FcA0,26,2,26.93979616441886
nexusmutant.eth,26,2,2194.8717269307563
pintxo.eth,27,1,1472.117455206849
0x3EAD00d7E1B95c5E99F287f04c72f62f2CB67c80,27,1,1412.3330676588091
0xdEB08D04004ea00BB6898D19267f7d3399E2827D,27,1,2574.3766890857532
0x7887e4018f76168fEd87210C16444E16A7d6bBAD,27,1,106.38037131800556
0xbAa882D68FC5325fC3899dE264F24B5981523A5C,27,1,71.00288436273559
0xB7c575C5e12D6c6c51B31b69553CF262Dd2D4e6A,27,1,1092.8950322495589
0x7887e4018f76168fEd87210C16444E16A7d6bBAD,28,1,106.1157385920487
0x546a0cB802377153B4fEAe052a5ed14C98B3CC9C,28,1,362.88108983657344
0x92A0b2C089733beF43Ac367D2CE7783526AEA590,28,1,27.82480218405722
pintxo.eth,28,1,1471.3550205982865
0x0A8C2eE08760251705f5aaF7bb0E7B490029Bc27,28,1,999.8724636747826
0x8dFf61Ce29311ca0b4DCff5be65596792D360080,28,1,167.93686582978344
0x10cCD4136471c7c266a9Fc4569622989Fb4caB99,28,1,531.7028726867912
0x067Ef3c16F47cca6a3ACB5942C6D4BC89Ed0A8B1,28,1,174.78986460422468
0x7887e4018f76168fEd87210C16444E16A7d6bBAD,29,1,106.1157385920487
0x51F13C84b49B64ba6B1615e7D91b11066908BF3C,29,1,118.82124379401228
0x8dFf61Ce29311ca0b4DCff5be65596792D360080,29,1,167.93686582978344
0x1d5228eb63DB25286074Dc68B1817490C7D26Db8,29,1,43.8606061008864
0x8729f5c04aB02254328Bc832cD37a0be2725C61f,29,1,1.0472328426940425
0x4AdA1B9D9fe28aBd9585f58cfEeD2169A39e1c6b,29,1,415.7492136490297
0x546a0cB802377153B4fEAe052a5ed14C98B3CC9C,29,1,362.88108983657344
0x10cCD4136471c7c266a9Fc4569622989Fb4caB99,29,1,531.7028726867912
0x92A0b2C089733beF43Ac367D2CE7783526AEA590,29,1,27.82480218405722
pintxo.eth,29,1,1471.3550205982865
0x0A8C2eE08760251705f5aaF7bb0E7B490029Bc27,29,1,999.8724636747826
0x067Ef3c16F47cca6a3ACB5942C6D4BC89Ed0A8B1,29,1,174.78986460422468
0x51F13C84b49B64ba6B1615e7D91b11066908BF3C,30,1,118.82124379401228
0x8dFf61Ce29311ca0b4DCff5be65596792D360080,30,1,167.93686582978344
0x1d5228eb63DB25286074Dc68B1817490C7D26Db8,30,1,43.8606061008864
0x4AdA1B9D9fe28aBd9585f58cfEeD2169A39e1c6b,30,1,415.7492136490297
0x10cCD4136471c7c266a9Fc4569622989Fb4caB99,30,1,531.7028726867912
0x7887e4018f76168fEd87210C16444E16A7d6bBAD,30,1,106.1157385920487
0x546a0cB802377153B4fEAe052a5ed14C98B3CC9C,30,1,362.88108983657344
0x92A0b2C089733beF43Ac367D2CE7783526AEA590,30,1,27.82480218405722
pintxo.eth,30,1,1471.3550205982865
0x0A8C2eE08760251705f5aaF7bb0E7B490029Bc27,30,1,999.8724636747826
0x067Ef3c16F47cca6a3ACB5942C6D4BC89Ed0A8B1,30,1,174.78986460422468
0x8dFf61Ce29311ca0b4DCff5be65596792D360080,31,3,133.74624412788262
0xB7c575C5e12D6c6c51B31b69553CF262Dd2D4e6A,31,3,1090.0381534603084
0x9Ce22DC7DF3e41586269D2d9E8BC3A5cb222d21E,31,2,10.975263257244224
0xFa760444A229e78A50Ca9b3779f4ce4CcE10E170,31,2,8979.256179913427
0x656d786dad2380de017812c1C0D93DDee4ff025a,31,3,11648.083901591568
0x07cD0dffB4ca317c56c232A8130a7c3f07BF207A,31,2,2139.458864575167
0x53e60bb4603950377Ea15b268b5741143369952F,31,3,603.0715312231789
twiddle.eth,31,2,201331.20671014517
pintxo.eth,31,3,1470.8923395067125
0xbAa882D68FC5325fC3899dE264F24B5981523A5C,31,2,71.00288436273559
0x4A24fd841E74C28309BCa5730B40679e18C5FcA0,31,2,26.93979616441886
0x10cCD4136471c7c266a9Fc4569622989Fb4caB99,31,2,531.0758640662732
0x4AdA1B9D9fe28aBd9585f58cfEeD2169A39e1c6b,31,2,415.3432256981427
0xF1f756AafaB77Ef2fec51b567Df1e23332F4ac78,31,3,73358.0
0x7887e4018f76168fEd87210C16444E16A7d6bBAD,31,3,106.0349467678755
0x2290d73ec63F3Ba70599e1e1530a669a5bA7A423,31,3,347819.0
0x0F6c5f5ec55Ba1A5B665f135984ECF74102A19A1,31,3,69564.0
0x87C0444bB3100d8F00e76C1F750d6F213847d60C,31,3,112330.0
0x492e34DcDEd8854C5dCbA29246162E272CC4778D,31,3,39553.34518623667
0x10cCD4136471c7c266a9Fc4569622989Fb4caB99,32,1,530.6857318290555
0xB7c575C5e12D6c6c51B31b69553CF262Dd2D4e6A,32,1,1083.808760965434
0x8dFf61Ce29311ca0b4DCff5be65596792D360080,32,1,133.52205389541092
0xe497145776d5A8d8fD101aBc070371a4eaDcdD1a,32,1,2396.107739627069
pintxo.eth,32,1,1469.282807501885
0x9Ce22DC7DF3e41586269D2d9E8BC3A5cb222d21E,32,1,10.975263257244224
0x3fb751Cbc56275AE92288D758750493c9159a070,32,1,1.4441029493191126
0xdEB08D04004ea00BB6898D19267f7d3399E2827D,32,1,2574.3766890857532
0x274bA7fB04f4F79bB58f53aae5C384A060De836d,33,1,40.6413868374339
0x2f6F830E90baaf06575D7102F9cD83Cf7880E101,33,2,0.9608376726013904
0x3EAD00d7E1B95c5E99F287f04c72f62f2CB67c80,33,2,1492.794395202332
0x8dFf61Ce29311ca0b4DCff5be65596792D360080,34,1,8.070328962128281
0xbF018593242cEB4997f9b9c5D11812114711e27F,34,1,56.66034529079197
0x3EAD00d7E1B95c5E99F287f04c72f62f2CB67c80,34,1,1488.4651728184804
0x4A289342CDcF0317CFcC15daE2D4d87444E891d2,34,1,1.9954549279433011
0x910A4f57D4dE4924C31fbccd9243a23939b00e75,35,1,3.3425095101623152
0xC3774aF3452628636D031544D1e8893c3D8701AB,35,2,2354.5758792993456
0x92A0b2C089733beF43Ac367D2CE7783526AEA590,35,2,25.86401000989263
0xB7c575C5e12D6c6c51B31b69553CF262Dd2D4e6A,35,2,323.9720374810086
0x3EAD00d7E1B95c5E99F287f04c72f62f2CB67c80,35,2,1487.1061388321616
pintxo.eth,37,1,1455.3168405745598
0xbF018593242cEB4997f9b9c5D11812114711e27F,37,1,56.64918657272285
0x910A4f57D4dE4924C31fbccd9243a23939b00e75,37,1,3.3425095101623152
0x6c11C151adC437dB6b95968997aB8CaA0d7188d0,37,1,454.8619650776459
0x7231B28F08A5c8978C09A81237f45088F8B6A0BC,37,1,275.1398773457469
twiddle.eth,37,1,196688.3371654793
0x955D06e6c5eE87bF4D9ee876e13b98aA62D28F4B,37,1,379.5974672784656
0xe497145776d5A8d8fD101aBc070371a4eaDcdD1a,37,1,2371.2073142270506
0x4AdA1B9D9fe28aBd9585f58cfEeD2169A39e1c6b,37,1,398.23271510163966
0x4A289342CDcF0317CFcC15daE2D4d87444E891d2,37,1,1.9954549279433011
0x3EAD00d7E1B95c5E99F287f04c72f62f2CB67c80,37,1,1484.1786971053382
nexusmutant.eth,37,1,278.7453378577024
0x3cE4EF262d5514FdEb9897F532950d9e9b2Fa7bD,37,2,211.44789457283895
0x4a9fA34da6d2378c8f3B9F6b83532B169beaEDFc,37,1,29032.193593978383
0x067Ef3c16F47cca6a3ACB5942C6D4BC89Ed0A8B1,37,1,174.10926029517285
0xcC6699821f04906d1a3142F612fbb3AC8a8c463a,37,1,160.69119962326752
0x353c1FA2bC090D1018006123E9880C640234169B,37,1,114.98195220130744
0x0A977B7c815b4Dc13475f12Ef8D66DAbF073f17A,37,1,591.0245828887583
0x3C2d6d7144241F1F1203c29C124585e55B58975E,37,1,20.7989369417235
pintxo.eth,38,2,1455.3168405745598
0xbF018593242cEB4997f9b9c5D11812114711e27F,38,1,56.64918657272285
0x910A4f57D4dE4924C31fbccd9243a23939b00e75,38,1,3.3425095101623152
0x6c11C151adC437dB6b95968997aB8CaA0d7188d0,38,1,454.8619650776459
0x955D06e6c5eE87bF4D9ee876e13b98aA62D28F4B,38,1,379.5974672784656
0xe497145776d5A8d8fD101aBc070371a4eaDcdD1a,38,1,2371.2073142270506
0x4AdA1B9D9fe28aBd9585f58cfEeD2169A39e1c6b,38,1,398.23271510163966
0x4A289342CDcF0317CFcC15daE2D4d87444E891d2,38,1,1.9954549279433011
0x3EAD00d7E1B95c5E99F287f04c72f62f2CB67c80,38,2,1484.1786971053382
nexusmutant.eth,38,1,278.7453378577024
0x3cE4EF262d5514FdEb9897F532950d9e9b2Fa7bD,38,1,211.44789457283895
0x067Ef3c16F47cca6a3ACB5942C6D4BC89Ed0A8B1,38,1,174.10926029517285
0x0A977B7c815b4Dc13475f12Ef8D66DAbF073f17A,38,1,591.0245828887583
0x3C2d6d7144241F1F1203c29C124585e55B58975E,38,2,20.7989369417235
0x92A0b2C089733beF43Ac367D2CE7783526AEA590,39,1,25.86401000989263
0x4AdA1B9D9fe28aBd9585f58cfEeD2169A39e1c6b,39,1,398.23271510163966
0x910A4f57D4dE4924C31fbccd9243a23939b00e75,39,1,3.3425095101623152
0x7231B28F08A5c8978C09A81237f45088F8B6A0BC,39,1,275.1398773457469
0x955D06e6c5eE87bF4D9ee876e13b98aA62D28F4B,39,1,379.5974672784656
0x9e9Bbd60b1f2a177d11280636fFE4892A89a5912,39,1,18.994014656792324
0x067Ef3c16F47cca6a3ACB5942C6D4BC89Ed0A8B1,39,1,174.10926029517285
0x6c11C151adC437dB6b95968997aB8CaA0d7188d0,39,1,454.8619650776459
0x0A8C2eE08760251705f5aaF7bb0E7B490029Bc27,39,1,953.7865554640008
0x68d36DcBDD7Bbf206e27134F28103abE7cf972df,39,1,199.24284832562017
0xbF018593242cEB4997f9b9c5D11812114711e27F,39,1,56.64918657272285
twiddle.eth,39,1,196688.3371654793
0xe497145776d5A8d8fD101aBc070371a4eaDcdD1a,39,1,2371.2073142270506
0x4A289342CDcF0317CFcC15daE2D4d87444E891d2,39,1,1.9954549279433011
0xaEcaeA22Cd213f0DF786AF9F8b7d2f651AF84D3C,39,1,3186.81217875233
0x3EAD00d7E1B95c5E99F287f04c72f62f2CB67c80,39,1,1484.1786971053382
0x436E6b2b58a92eC7520cAd25768320607698d5C4,40,1,2.765458011054305
0xdEB08D04004ea00BB6898D19267f7d3399E2827D,40,1,10074.376689085751
0x910A4f57D4dE4924C31fbccd9243a23939b00e75,40,1,3.3425095101623152
0x656d786dad2380de017812c1C0D93DDee4ff025a,40,1,11648.083901591568
0x53e60bb4603950377Ea15b268b5741143369952F,40,2,603.0715312231789
0x955D06e6c5eE87bF4D9ee876e13b98aA62D28F4B,40,2,379.5974672784656
0x864f23945a1ed0021112A4bf1C8c9cD25E40d9f4,40,1,4368.154977787526
0x9f281C5B04c091096AC468a9388f0EE6b0B8B1F5,40,1,1274.824542836193
0xB7c575C5e12D6c6c51B31b69553CF262Dd2D4e6A,40,1,322.9887814367618
0x7231B28F08A5c8978C09A81237f45088F8B6A0BC,40,1,274.85545947337346
0x282173335ae1F328b34Eb9Acadc052E59E70A89f,40,1,100.0
0x1e9C0bB00Ff504e2c4ed9368656E876616E25666,40,1,0.5550475895104348
0x92A0b2C089733beF43Ac367D2CE7783526AEA590,40,1,25.86401000989263
0xcAc59F91E4536Bc0E79aB816a5cD54e89f10433C,40,1,4.919262490121295
0xC3774aF3452628636D031544D1e8893c3D8701AB,40,1,2351.9523588749616
0x598Dbe6738E0AcA4eAbc22feD2Ac737dbd13Fb8F,40,2,572215.747918492
0xedaf2248bF6e264f61Ed1fA0619f1f164De8e471,40,1,1146.1983625561604
0x3cE4EF262d5514FdEb9897F532950d9e9b2Fa7bD,40,1,211.3339637659564
pintxo.eth,40,1,1454.6835594148713
0xDb056aD34466c136d24b465AD63eBB4F3DFb2881,40,1,45.79703512625066
0x353c1FA2bC090D1018006123E9880C640234169B,40,1,114.98195220130744
0xcC6699821f04906d1a3142F612fbb3AC8a8c463a,40,1,160.63291519241164
0x067Ef3c16F47cca6a3ACB5942C6D4BC89Ed0A8B1,40,2,173.9430134162529
0x6c11C151adC437dB6b95968997aB8CaA0d7188d0,40,1,454.448335345222
0xbF018593242cEB4997f9b9c5D11812114711e27F,40,1,56.64918657272285
twiddle.eth,40,2,196479.03707130603
0x955D06e6c5eE87bF4D9ee876e13b98aA62D28F4B,41,1,135.40398656214583
pintxo.eth,41,1,1446.9758825171057
0xe497145776d5A8d8fD101aBc070371a4eaDcdD1a,41,1,2362.0323744107454
0xdEB08D04004ea00BB6898D19267f7d3399E2827D,41,1,11942.550351845586
0x7231B28F08A5c8978C09A81237f45088F8B6A0BC,41,1,270.67623439720006
0x9c57027B1eca93093a6F446422C59C85A5A3Fa52,41,2,29.35266136905805
0x6c11C151adC437dB6b95968997aB8CaA0d7188d0,41,1,440.4161804330975
0x1d5228eb63DB25286074Dc68B1817490C7D26Db8,41,1,57.66415222937533
0x4AdA1B9D9fe28aBd9585f58cfEeD2169A39e1c6b,41,1,390.6472866037296
0x077c7090D4CB2B119738F69c112Cb404a9127735,41,1,80.26558723209995
0x53e60bb4603950377Ea15b268b5741143369952F,41,1,603.0715312231789
0x716722C80757FFF31DA3F3C392A1736b7cfa3A3e,41,1,1.387813578305565
0x7887e4018f76168fEd87210C16444E16A7d6bBAD,41,1,100.49526039328676
0x274bA7fB04f4F79bB58f53aae5C384A060De836d,41,1,40.627588362168105
nexusmutant.eth,41,1,275.4949459923864
0x3EAD00d7E1B95c5E99F287f04c72f62f2CB67c80,41,1,1478.8799616094957
0x2D31810FE3A749E18aE9a63e33c2A4feEC3bCe1A,41,1,0.4215973574228361
0xB7c575C5e12D6c6c51B31b69553CF262Dd2D4e6A,41,1,159.84350264440184
0x067Ef3c16F47cca6a3ACB5942C6D4BC89Ed0A8B1,41,1,172.93969690898865
0x465623b2cE74e0eB844C382D76a900C32566c46B,41,1,20.448128693261367
0x955D06e6c5eE87bF4D9ee876e13b98aA62D28F4B,42,1,135.40398656214583
pintxo.eth,42,1,1446.9758825171057
0xe497145776d5A8d8fD101aBc070371a4eaDcdD1a,42,1,2362.0323744107454
0xdEB08D04004ea00BB6898D19267f7d3399E2827D,42,1,11942.550351845586
0x7231B28F08A5c8978C09A81237f45088F8B6A0BC,42,1,270.67623439720006
0x9c57027B1eca93093a6F446422C59C85A5A3Fa52,42,2,29.35266136905805
0x6c11C151adC437dB6b95968997aB8CaA0d7188d0,42,1,440.4161804330975
0x1d5228eb63DB25286074Dc68B1817490C7D26Db8,42,1,57.66415222937533
0x4AdA1B9D9fe28aBd9585f58cfEeD2169A39e1c6b,42,1,390.6472866037296
0x077c7090D4CB2B119738F69c112Cb404a9127735,42,1,80.26558723209995
0x53e60bb4603950377Ea15b268b5741143369952F,42,1,603.0715312231789
0x716722C80757FFF31DA3F3C392A1736b7cfa3A3e,42,1,1.387813578305565
0x7887e4018f76168fEd87210C16444E16A7d6bBAD,42,1,100.49526039328676
0x274bA7fB04f4F79bB58f53aae5C384A060De836d,42,1,40.627588362168105
nexusmutant.eth,42,1,275.4949459923864
0x3EAD00d7E1B95c5E99F287f04c72f62f2CB67c80,42,1,1478.8799616094957
0x2D31810FE3A749E18aE9a63e33c2A4feEC3bCe1A,42,1,0.4215973574228361
0xB7c575C5e12D6c6c51B31b69553CF262Dd2D4e6A,42,1,159.84350264440184
0x067Ef3c16F47cca6a3ACB5942C6D4BC89Ed0A8B1,42,1,172.93969690898865
0x465623b2cE74e0eB844C382D76a900C32566c46B,42,1,20.448128693261367
0x923C45e813a271C582C336A4137aee67736D1b83,43,1,215.0997241350829
nexusmutant.eth,43,1,274.07985705842935
0xdEB08D04004ea00BB6898D19267f7d3399E2827D,43,1,11203.967467560436
0x274bA7fB04f4F79bB58f53aae5C384A060De836d,43,1,27.027588362168107
0x6c11C151adC437dB6b95968997aB8CaA0d7188d0,43,1,439.3369253266113
0x1d5228eb63DB25286074Dc68B1817490C7D26Db8,43,1,57.593465015273146
0x8961ce440FE7A401fC1edA5e641E2020D12BA167,43,1,318.39510003148223
0x5f6788AFD38c4ae1B61875D30f1135b353dBD8f5,43,1,349.5438100908222
0x923C45e813a271C582C336A4137aee67736D1b83,44,1,215.0997241350829
0x436E6b2b58a92eC7520cAd25768320607698d5C4,44,1,493.4326129518769
nexusmutant.eth,44,1,274.07985705842935
0xdEB08D04004ea00BB6898D19267f7d3399E2827D,44,1,11203.967467560436
0x274bA7fB04f4F79bB58f53aae5C384A060De836d,44,1,27.027588362168107
0x6c11C151adC437dB6b95968997aB8CaA0d7188d0,44,1,439.3369253266113
0x1d5228eb63DB25286074Dc68B1817490C7D26Db8,44,1,57.593465015273146
0x8961ce440FE7A401fC1edA5e641E2020D12BA167,44,1,318.39510003148223
0x5f6788AFD38c4ae1B61875D30f1135b353dBD8f5,44,1,349.5438100908222
nexusmutant.eth,45,1,291.00320550314257
0x53e60bb4603950377Ea15b268b5741143369952F,45,1,721.7945430228268
0x6c11C151adC437dB6b95968997aB8CaA0d7188d0,45,1,429.34148340996734
0xF053aDb5D6310219f84B5792db23a4feD3C25d57,45,1,1.5189537653494265
0x274bA7fB04f4F79bB58f53aae5C384A060De836d,45,1,27.026682045063833
0xa326e7236d4C227501C2279422573242661235f3,45,1,866.5067410814353
0x3EAD00d7E1B95c5E99F287f04c72f62f2CB67c80,45,1,1476.3850956214217
0x2D31810FE3A749E18aE9a63e33c2A4feEC3bCe1A,45,1,0.4215973574228361
0xbAa882D68FC5325fC3899dE264F24B5981523A5C,45,1,150.96060749232996
0xcC6699821f04906d1a3142F612fbb3AC8a8c463a,45,1,161.51531789125892
0xdEB08D04004ea00BB6898D19267f7d3399E2827D,45,1,10741.288256918087
0xa60DD9d42fdD43E91Da63BD261997E14F21C69Fd,45,1,23.127548226629074
0xd83410EdF02eE6c9F801fC81FDC89f712F84a81e,46,1,31.875046109346492
0x4501a4C42616A214E23f595b40773453B9E03765,46,1,1004.595346765872
0x154B0B91D55759936f8189205C821a63a9433D58,46,1,100.04478412800424
nexusmutant.eth,46,1,166.78911391025505
0x53e60bb4603950377Ea15b268b5741143369952F,46,1,600.1218422792573
0xB7c575C5e12D6c6c51B31b69553CF262Dd2D4e6A,46,1,156.1845985364647
0xdEB08D04004ea00BB6898D19267f7d3399E2827D,46,1,9660.383485250404
0x50b1799782DFdc5f0aAbd4b6719902d8955596BD,46,1,364.0557434500703
0x2D31810FE3A749E18aE9a63e33c2A4feEC3bCe1A,46,1,0.4215973574228361
0x955D06e6c5eE87bF4D9ee876e13b98aA62D28F4B,46,1,60.32094431257845
0x3EAD00d7E1B95c5E99F287f04c72f62f2CB67c80,46,1,1568.6864758348229
0xe264886FEb92E9c6A92fA196DFDC09D330B66c17,46,1,28.9744472428881
0x274bA7fB04f4F79bB58f53aae5C384A060De836d,46,1,27.02163132388889
0x1d5228eb63DB25286074Dc68B1817490C7D26Db8,46,1,56.75661430450638
0xcC6699821f04906d1a3142F612fbb3AC8a8c463a,46,1,159.16420688693623
0x4501a4C42616A214E23f595b40773453B9E03765,47,2,1004.595346765872
0x53e60bb4603950377Ea15b268b5741143369952F,47,1,600.1218422792573
0xdEB08D04004ea00BB6898D19267f7d3399E2827D,47,1,9660.383485250404
0x50b1799782DFdc5f0aAbd4b6719902d8955596BD,47,1,364.0557434500703
0x2D31810FE3A749E18aE9a63e33c2A4feEC3bCe1A,47,1,0.4215973574228361
0x3EAD00d7E1B95c5E99F287f04c72f62f2CB67c80,47,1,1568.6864758348229
0xa60DD9d42fdD43E91Da63BD261997E14F21C69Fd,47,1,22.89766877014749
0xe264886FEb92E9c6A92fA196DFDC09D330B66c17,47,1,28.9744472428881
0x274bA7fB04f4F79bB58f53aae5C384A060De836d,47,1,27.02163132388889
0x1d5228eb63DB25286074Dc68B1817490C7D26Db8,47,1,56.75661430450638
0x66F6d639199342619CAF8617bf80eA738e5960A3,47,2,10069.30381473442
0xa0f75491720835b36edC92D06DDc468D201e9b73,47,2,4374.8877190926205
0x7e2AE811d8Dd76eC6503C6e5e430b52b12940478,47,1,13.90849625360018
0xbee0889F9f74090889C3AD5fDf174b6Af6480607,47,1,537.8602743705484
nexusmutant.eth,47,1,166.78911391025505
0xC3774aF3452628636D031544D1e8893c3D8701AB,47,2,2333.110253943877
0x25783B67b5e29c48449163Db19842b8531fddE43,47,1,420590.2054732329
0xaEcaeA22Cd213f0DF786AF9F8b7d2f651AF84D3C,48,1,3116.168164110898
0x4501a4C42616A214E23f595b40773453B9E03765,48,1,1004.595346765872
0xd12A16Aaa884eb84303074811001b8eB087ead3c,48,1,547.3865867898027
nexusmutant.eth,48,1,166.78911391025505
0x53e60bb4603950377Ea15b268b5741143369952F,48,1,600.1218422792573
0xB7c575C5e12D6c6c51B31b69553CF262Dd2D4e6A,48,1,156.1845985364647
0xdEB08D04004ea00BB6898D19267f7d3399E2827D,48,1,9660.383485250404
0x2D31810FE3A749E18aE9a63e33c2A4feEC3bCe1A,48,1,0.4215973574228361
0x3EAD00d7E1B95c5E99F287f04c72f62f2CB67c80,48,1,1568.6864758348229
0xf6b7Af3eaeD85198Ad9c49353485d17b54988e7A,48,1,234.57134235351563
0xe264886FEb92E9c6A92fA196DFDC09D330B66c17,48,1,28.9744472428881
0x274bA7fB04f4F79bB58f53aae5C384A060De836d,48,1,27.02163132388889
0xcC6699821f04906d1a3142F612fbb3AC8a8c463a,48,1,159.16420688693623
0xaEcaeA22Cd213f0DF786AF9F8b7d2f651AF84D3C,49,1,3116.168164110898
0x4501a4C42616A214E23f595b40773453B9E03765,49,1,1004.595346765872
0x154B0B91D55759936f8189205C821a63a9433D58,49,1,100.04478412800424
nexusmutant.eth,49,1,166.78911391025505
0x53e60bb4603950377Ea15b268b5741143369952F,49,1,600.1218422792573
0xB7c575C5e12D6c6c51B31b69553CF262Dd2D4e6A,49,1,156.1845985364647
0x3EAD00d7E1B95c5E99F287f04c72f62f2CB67c80,49,1,1568.6864758348229
0xdEB08D04004ea00BB6898D19267f7d3399E2827D,49,1,9660.383485250404
0x2D31810FE3A749E18aE9a63e33c2A4feEC3bCe1A,49,1,0.4215973574228361
0xf6b7Af3eaeD85198Ad9c49353485d17b54988e7A,49,1,234.57134235351563
0xe264886FEb92E9c6A92fA196DFDC09D330B66c17,49,1,28.9744472428881
0x274bA7fB04f4F79bB58f53aae5C384A060De836d,49,1,27.02163132388889
0x1d5228eb63DB25286074Dc68B1817490C7D26Db8,49,1,56.75661430450638
0xcC6699821f04906d1a3142F612fbb3AC8a8c463a,49,1,159.16420688693623
0xaEcaeA22Cd213f0DF786AF9F8b7d2f651AF84D3C,50,1,3116.168164110898
0x4501a4C42616A214E23f595b40773453B9E03765,50,1,1004.595346765872
0x154B0B91D55759936f8189205C821a63a9433D58,50,1,100.04478412800424
nexusmutant.eth,50,1,166.78911391025505
0x53e60bb4603950377Ea15b268b5741143369952F,50,1,600.1218422792573
0xB7c575C5e12D6c6c51B31b69553CF262Dd2D4e6A,50,1,156.1845985364647
0xdEB08D04004ea00BB6898D19267f7d3399E2827D,50,1,9660.383485250404
0x2D31810FE3A749E18aE9a63e33c2A4feEC3bCe1A,50,1,0.4215973574228361
0x3EAD00d7E1B95c5E99F287f04c72f62f2CB67c80,50,1,1568.6864758348229
0xf6b7Af3eaeD85198Ad9c49353485d17b54988e7A,50,1,234.57134235351563
0x274bA7fB04f4F79bB58f53aae5C384A060De836d,50,1,27.02163132388889
0xcC6699821f04906d1a3142F612fbb3AC8a8c463a,50,1,159.16420688693623
0x7e2AE811d8Dd76eC6503C6e5e430b52b12940478,50,1,13.90849625360018
0xd83410EdF02eE6c9F801fC81FDC89f712F84a81e,51,1,31.875046109346492
0xaEcaeA22Cd213f0DF786AF9F8b7d2f651AF84D3C,51,1,3116.168164110898
0x4501a4C42616A214E23f595b40773453B9E03765,51,1,1004.595346765872
0x154B0B91D55759936f8189205C821a63a9433D58,51,1,100.04478412800424
0xd12A16Aaa884eb84303074811001b8eB087ead3c,51,1,547.3865867898027
nexusmutant.eth,51,1,166.78911391025505
0x53e60bb4603950377Ea15b268b5741143369952F,51,1,600.1218422792573
0xB7c575C5e12D6c6c51B31b69553CF262Dd2D4e6A,51,1,156.1845985364647
0x3EAD00d7E1B95c5E99F287f04c72f62f2CB67c80,51,1,1568.6864758348229
0xdEB08D04004ea00BB6898D19267f7d3399E2827D,51,1,9660.383485250404
0x2D31810FE3A749E18aE9a63e33c2A4feEC3bCe1A,51,1,0.4215973574228361
0xf6b7Af3eaeD85198Ad9c49353485d17b54988e7A,51,1,234.57134235351563
0xe264886FEb92E9c6A92fA196DFDC09D330B66c17,51,1,28.9744472428881
0x274bA7fB04f4F79bB58f53aae5C384A060De836d,51,1,27.02163132388889
0xcC6699821f04906d1a3142F612fbb3AC8a8c463a,51,1,159.16420688693623
0x7e2AE811d8Dd76eC6503C6e5e430b52b12940478,51,1,13.90849625360018
0x53e60bb4603950377Ea15b268b5741143369952F,52,2,600.1218422792573
0x2D31810FE3A749E18aE9a63e33c2A4feEC3bCe1A,52,1,0.4215973574228361
0xa60DD9d42fdD43E91Da63BD261997E14F21C69Fd,52,1,22.782842374130443
0x9F6d4Db833a419354Ee5ac3E329dedEa68a2fDA0,52,1,1.9478392931348552
0x4E6A82Ac98E87c5aCF7738Fa57b5Fd9EA14Af932,52,1,285.17040420440094
nexusmutant.eth,52,2,115.55085144749094
0xa0f75491720835b36edC92D06DDc468D201e9b73,52,1,4374.8877190926205
0x9224bbB4E0fBE2f2f8fab55DEbC41Eb21fDfB804,52,1,344.3101404550415
0x59bdFB381CA2080D0D042903e776D3DCb548050A,52,1,28.97101885299676
0xaFe3e00FF393459F2737399f0187ae3A826a0b19,52,1,87.31498428828881
0x25783B67b5e29c48449163Db19842b8531fddE43,52,2,420590.2054732329
0xbAa882D68FC5325fC3899dE264F24B5981523A5C,52,2,183.9200376708374
0x4AdA1B9D9fe28aBd9585f58cfEeD2169A39e1c6b,52,1,389.70848865232995
0xcC6699821f04906d1a3142F612fbb3AC8a8c463a,52,2,157.01708384204176
0xb7a2C9F9f52F7d575C1d1cdb8B3D046D69990991,52,1,100002.98763289758
0x598Dbe6738E0AcA4eAbc22feD2Ac737dbd13Fb8F,52,2,572215.747918492
nexusmutant.eth,53,1,114.71946785054465
0x53e60bb4603950377Ea15b268b5741143369952F,53,1,500.1218422792573
0x3EAD00d7E1B95c5E99F287f04c72f62f2CB67c80,53,1,1656.1894591895173
0x9224bbB4E0fBE2f2f8fab55DEbC41Eb21fDfB804,53,1,123.84940357161382
0x4a9fA34da6d2378c8f3B9F6b83532B169beaEDFc,53,1,28394.85945081408
0xA4620Fc13546462e817Fa49e44F04330872495a7,53,2,0.0831951960463737
0x37Fa7c6B28fc5545d9523D6dbb329Be7e1B9e7A0,53,1,141.81548262823446
0xC3774aF3452628636D031544D1e8893c3D8701AB,54,1,2324.3243425113656
0x53e60bb4603950377Ea15b268b5741143369952F,54,1,500.1218422792573
0x716722C80757FFF31DA3F3C392A1736b7cfa3A3e,54,1,1.387813578305565
0x66640AD6c8D69002D179aB11611fbc2A5da0Ef8C,54,1,177.68875715221768
0x79bF225FBfd40f78B1878A6d1EeC1Bb03dF92AeB,54,1,326.41912981247094
0x589C6a37dd7a0439D46dC54DfD9349da9d169E09,54,1,33.95737782977499
nexusmutant.eth,54,1,111.52762199270296
0x10c9FD785D6AE23D90Bf70358Cb3e6F3E8C3759C,54,2,2033.1422834319364
0x6c11C151adC437dB6b95968997aB8CaA0d7188d0,54,1,416.3656957296323
0xaaFdd768fA83EF7af0e19707F2BE9d1DB1924766,54,1,0.0715957120063842
0x3EAD00d7E1B95c5E99F287f04c72f62f2CB67c80,54,2,1655.1149897661323
0x8D0CA6267129287912AF5C2f524f1087f95C1e93,54,1,2010.3584046191695
0x8C878B8f805472C0b70eD66a71c0B33da3d233c8,54,1,3600.478126526428
0x6Dce215F5D0209Bee096fb5147C423344D10553b,54,1,44.61237261790052
0xA4620Fc13546462e817Fa49e44F04330872495a7,54,2,0.0831951960463737
0xb7a2C9F9f52F7d575C1d1cdb8B3D046D69990991,54,1,99997.30683158274
0xa60DD9d42fdD43E91Da63BD261997E14F21C69Fd,54,1,19.6896549419294
0x2D31810FE3A749E18aE9a63e33c2A4feEC3bCe1A,54,1,0.4215973574228361
0xADcBEb3fe0ceC1BE8BCf82928658FbdF683dB196,54,1,2500.1530204954124
0x69cac784D1F0387Eac5f6caC903865eA8804Ed38,54,2,411.83493447809695
0xdb77c335C1D40bD40d92A12823C883AC73D2886C,54,1,2561.997069534936
0xC3774aF3452628636D031544D1e8893c3D8701AB,55,1,2324.3243425113656
0x53e60bb4603950377Ea15b268b5741143369952F,55,1,500.1218422792573
0x716722C80757FFF31DA3F3C392A1736b7cfa3A3e,55,1,1.387813578305565
0x66640AD6c8D69002D179aB11611fbc2A5da0Ef8C,55,1,177.68875715221768
nexusmutant.eth,55,1,111.52762199270296
0x10c9FD785D6AE23D90Bf70358Cb3e6F3E8C3759C,55,2,2033.1422834319364
0x6c11C151adC437dB6b95968997aB8CaA0d7188d0,55,1,416.3656957296323
0x3EAD00d7E1B95c5E99F287f04c72f62f2CB67c80,55,1,1655.1149897661323
0x8D0CA6267129287912AF5C2f524f1087f95C1e93,55,1,2010.3584046191695
0x8C878B8f805472C0b70eD66a71c0B33da3d233c8,55,1,3600.478126526428
0xA4620Fc13546462e817Fa49e44F04330872495a7,55,2,0.0831951960463737
0xb7a2C9F9f52F7d575C1d1cdb8B3D046D69990991,55,1,99997.30683158274
0x2D31810FE3A749E18aE9a63e33c2A4feEC3bCe1A,55,1,0.4215973574228361
0xADcBEb3fe0ceC1BE8BCf82928658FbdF683dB196,55,1,2500.1530204954124
0x69cac784D1F0387Eac5f6caC903865eA8804Ed38,55,2,411.83493447809695
0xdb77c335C1D40bD40d92A12823C883AC73D2886C,55,1,2561.997069534936
0x53e60bb4603950377Ea15b268b5741143369952F,56,2,500.1218422792573
nexusmutant.eth,56,1,111.52762199270296
0x10c9FD785D6AE23D90Bf70358Cb3e6F3E8C3759C,56,1,2033.1422834319364
0x6c11C151adC437dB6b95968997aB8CaA0d7188d0,56,1,416.3656957296323
0xa60DD9d42fdD43E91Da63BD261997E14F21C69Fd,56,1,19.6896549419294
0x3EAD00d7E1B95c5E99F287f04c72f62f2CB67c80,56,1,1655.1149897661323
0x8D0CA6267129287912AF5C2f524f1087f95C1e93,56,1,2010.3584046191695
0x8C878B8f805472C0b70eD66a71c0B33da3d233c8,56,1,3600.478126526428
0x7231B28F08A5c8978C09A81237f45088F8B6A0BC,56,1,387.0055914829073
0xA4620Fc13546462e817Fa49e44F04330872495a7,56,2,0.0831951960463737
0xb7a2C9F9f52F7d575C1d1cdb8B3D046D69990991,56,1,99997.30683158274
0x2D31810FE3A749E18aE9a63e33c2A4feEC3bCe1A,56,1,0.4215973574228361
0xADcBEb3fe0ceC1BE8BCf82928658FbdF683dB196,56,1,2500.1530204954124
0x69cac784D1F0387Eac5f6caC903865eA8804Ed38,56,1,411.83493447809695
0xdb77c335C1D40bD40d92A12823C883AC73D2886C,56,1,2561.997069534936
0xADcBEb3fe0ceC1BE8BCf82928658FbdF683dB196,57,1,2500.1530204954124
nexusmutant.eth,57,1,110.98888582152917
0xC3774aF3452628636D031544D1e8893c3D8701AB,57,1,2323.657425044529
0x918530080942eEB46bB1271117F1843cd4a7D97D,57,1,10182.178090636862
0x53e60bb4603950377Ea15b268b5741143369952F,57,1,500.1218422792573
0xe2058dD3569334200eeA9552a16A5a91DE9DE52E,57,1,11555.417495325191
0x6c11C151adC437dB6b95968997aB8CaA0d7188d0,57,1,414.29186874153487
0x98D33aeBa642151d5fb53E7966d4A0121093e478,57,1,21.41726395750795
0x4a9fA34da6d2378c8f3B9F6b83532B169beaEDFc,57,1,28323.382498189792
0x21225C3FccD467266b51da3Ed9d50a195d695e2F,57,1,286.0733295012704
0xf4311c8AC42BD5d9Fe7D0De1458749a5932eB92a,57,1,153.37283508672436
0x2D31810FE3A749E18aE9a63e33c2A4feEC3bCe1A,57,1,0.4215973574228361
0x22f6EDb55790B0Fe841C5BA9aa30792ebcB55863,57,1,100.5030114260257
0xaeE9e2f15152788E1D4a06757C5D858E4CB3090C,57,1,10.0
0xD9b49a81ee72aF3C026a2C144C9Ffd678A78C8b1,57,1,291.271462880093
0x1DC5EeFE2D20d1aB0dB794a4236df147C0f60921,57,1,241.66117915159364
0xc6C8AeCb1d9cA59A09d691cDa8539992655dbfB3,57,1,24.952700642140535
0xd0D40A840A3D2c273061b9270e32f2C283b940BD,57,1,80.3276965163012
0x2A1049062c6Cfd69bd38fbaf3b0559DF1DBbc92c,57,1,860.2210830909803
0xCbf5b0aDF0F58cD1E24249d15CEB31e8624D1a94,57,1,6891.945713087047
0x7231B28F08A5c8978C09A81237f45088F8B6A0BC,57,1,385.71248594187625
0x8D38C81B7bE9Dbe7440D66B92d4EF529806baAE7,57,1,73429.32497716692
0x0a1f2e1a4585bbf5E54a894FffA74133654BfaDC,57,1,1.0400631969707208
0xa60DD9d42fdD43E91Da63BD261997E14F21C69Fd,57,1,19.6569949646165
0x4ae901FBdB69eA08d63224964fC5E9696F0Fe6d0,57,1,4501.080995494557
0xD24FF5e32DE12be154B1C2eE7B731CBC45540E50,57,1,19655.432981771763
0x6F21547e4D0265f7c0428d388a22cA7C54A6beAb,57,1,1070.9391238450044
0xC67edd8A075A2A96682Be1A9F3f5865c24F8a70A,57,1,904.0187584453296
0xcC6699821f04906d1a3142F612fbb3AC8a8c463a,57,1,139.9574776599383
0x8C878B8f805472C0b70eD66a71c0B33da3d233c8,57,1,3474.078354875368
0xC6A32F5a273bcFB28528E4dFb47C65799a0299C7,57,1,1757.6072297509752
0xe497145776d5A8d8fD101aBc070371a4eaDcdD1a,57,1,2392.4685516677428
0xa018fEB6840781436e5440De92F91659bCE036b6,58,2,236.11598068863657
0x8D0CA6267129287912AF5C2f524f1087f95C1e93,58,2,1717.215663866283
nexusmutant.eth,58,1,60.47946382953363
0x79bF225FBfd40f78B1878A6d1EeC1Bb03dF92AeB,58,1,292.1730223293453
0x6c11C151adC437dB6b95968997aB8CaA0d7188d0,58,1,411.6167184273724
0xC3774aF3452628636D031544D1e8893c3D8701AB,58,1,2320.256465571586
0x848F11E9c468be9EF6bF5F1Daa742e6ADF25D7A7,58,1,31.30404713084564
0x37Fa7c6B28fc5545d9523D6dbb329Be7e1B9e7A0,58,1,41.81440881056189
0xcAc59F91E4536Bc0E79aB816a5cD54e89f10433C,58,1,17.538363167911175
0x53e60bb4603950377Ea15b268b5741143369952F,58,1,500.1218422792573
0xf4311c8AC42BD5d9Fe7D0De1458749a5932eB92a,58,2,152.99419276533249
0xa60DD9d42fdD43E91Da63BD261997E14F21C69Fd,58,1,19.618584375979612
0xFc942aF3D4C6BD0E2e45623E6570Ea0B476fb24e,58,1,15.0
0x3bCCD29e913321fF41adBc8d128a12500b688241,58,1,20.12
0x3EAD00d7E1B95c5E99F287f04c72f62f2CB67c80,58,2,1646.1973983236262
0xE6971498CD7fc0dF1532297Ca8E397940dc237e5,58,2,1306.728501416506
0x8C878B8f805472C0b70eD66a71c0B33da3d233c8,58,1,3388.229337880723
0xc19ffCAe411ad4ecF60b2c5C3A26047EEa1A9805,58,1,2217.4049288591964
0x4e6FDcE9B676C44B2c5E8800327e923696DDc629,58,1,199.0742024151506
twiddle.eth,58,1,262821.00459703285
0x7Cf6D8a0940344a51E797F5C1e5b654deEEf7C00,58,1,2298.286796163628
0xBf6DCf9CD3ce1b10f583F5807d8F72B5f6912768,58,1,352.1532537323361
0x98D33aeBa642151d5fb53E7966d4A0121093e478,58,1,21.398426169141636
0x2A28e74C034710cCce2e7275C6c1d0778D60daed,58,1,145.48538872891325
0x144aAD1020cbBFD2441443721057e1eC0577a639,58,1,1.117500357298474
0xCbf5b0aDF0F58cD1E24249d15CEB31e8624D1a94,58,1,7398.943144134194
0xAcaD92FE0F90820B3300F64436Be3cBD5d2aF725,58,1,5.200627229922391
0x69cac784D1F0387Eac5f6caC903865eA8804Ed38,58,1,408.9855677475827
0xa018fEB6840781436e5440De92F91659bCE036b6,59,2,236.11598068863657
0x8D0CA6267129287912AF5C2f524f1087f95C1e93,59,2,1717.215663866283
nexusmutant.eth,59,1,60.47946382953363
0x79bF225FBfd40f78B1878A6d1EeC1Bb03dF92AeB,59,1,292.1730223293453
0x6c11C151adC437dB6b95968997aB8CaA0d7188d0,59,1,411.6167184273724
0xC3774aF3452628636D031544D1e8893c3D8701AB,59,1,2320.256465571586
0x848F11E9c468be9EF6bF5F1Daa742e6ADF25D7A7,59,1,31.30404713084564
0x37Fa7c6B28fc5545d9523D6dbb329Be7e1B9e7A0,59,1,41.81440881056189
0xcAc59F91E4536Bc0E79aB816a5cD54e89f10433C,59,1,17.538363167911175
0x53e60bb4603950377Ea15b268b5741143369952F,59,1,500.1218422792573
0xf4311c8AC42BD5d9Fe7D0De1458749a5932eB92a,59,2,152.99419276533249
0xa60DD9d42fdD43E91Da63BD261997E14F21C69Fd,59,1,19.618584375979612
0x3EAD00d7E1B95c5E99F287f04c72f62f2CB67c80,59,1,1646.1973983236262
0x716722C80757FFF31DA3F3C392A1736b7cfa3A3e,59,1,1.387813578305565
0x8C878B8f805472C0b70eD66a71c0B33da3d233c8,59,1,3388.229337880723
0xc19ffCAe411ad4ecF60b2c5C3A26047EEa1A9805,59,1,2217.4049288591964
twiddle.eth,59,1,262821.00459703285
0xBf6DCf9CD3ce1b10f583F5807d8F72B5f6912768,59,1,352.1532537323361
0x98D33aeBa642151d5fb53E7966d4A0121093e478,59,1,21.398426169141636
0x2A28e74C034710cCce2e7275C6c1d0778D60daed,59,1,145.48538872891325
0xCbf5b0aDF0F58cD1E24249d15CEB31e8624D1a94,59,1,7398.943144134194
0xAcaD92FE0F90820B3300F64436Be3cBD5d2aF725,59,1,5.200627229922391
0x69cac784D1F0387Eac5f6caC903865eA8804Ed38,59,1,408.9855677475827
0x8D0CA6267129287912AF5C2f524f1087f95C1e93,60,1,1717.215663866283
nexusmutant.eth,60,1,60.47946382953363
0x79bF225FBfd40f78B1878A6d1EeC1Bb03dF92AeB,60,1,292.1730223293453
0x6c11C151adC437dB6b95968997aB8CaA0d7188d0,60,1,411.6167184273724
0xC3774aF3452628636D031544D1e8893c3D8701AB,60,1,2320.256465571586
0x6F3A86a0FD7aAFa0b679d4DaC8ea7DfcCCe383ab,60,1,6576.139595615012
0x848F11E9c468be9EF6bF5F1Daa742e6ADF25D7A7,60,1,31.30404713084564
0x37Fa7c6B28fc5545d9523D6dbb329Be7e1B9e7A0,60,1,41.81440881056189
0xcAc59F91E4536Bc0E79aB816a5cD54e89f10433C,60,1,17.538363167911175
0x53e60bb4603950377Ea15b268b5741143369952F,60,1,500.1218422792573
0xf4311c8AC42BD5d9Fe7D0De1458749a5932eB92a,60,1,152.99419276533249
0xa60DD9d42fdD43E91Da63BD261997E14F21C69Fd,60,1,19.618584375979612
0xFc942aF3D4C6BD0E2e45623E6570Ea0B476fb24e,60,1,15.0
0x3EAD00d7E1B95c5E99F287f04c72f62f2CB67c80,60,1,1646.1973983236262
0xE6971498CD7fc0dF1532297Ca8E397940dc237e5,60,1,1306.728501416506
0x8C878B8f805472C0b70eD66a71c0B33da3d233c8,60,1,3388.229337880723
0xc19ffCAe411ad4ecF60b2c5C3A26047EEa1A9805,60,1,2217.4049288591964
0x4e6FDcE9B676C44B2c5E8800327e923696DDc629,60,1,199.0742024151506
twiddle.eth,60,1,262821.00459703285
0x7Cf6D8a0940344a51E797F5C1e5b654deEEf7C00,60,1,2298.286796163628
0xBf6DCf9CD3ce1b10f583F5807d8F72B5f6912768,60,1,352.1532537323361
0x2A28e74C034710cCce2e7275C6c1d0778D60daed,60,1,145.48538872891325
0xCbf5b0aDF0F58cD1E24249d15CEB31e8624D1a94,60,1,7398.943144134194
0xAcaD92FE0F90820B3300F64436Be3cBD5d2aF725,60,1,5.200627229922391
0x83D2486b9646cF6F7A4EA8F0CfA8dfb961F9d6BB,60,1,41.204540378535015
0x69cac784D1F0387Eac5f6caC903865eA8804Ed38,60,1,408.9855677475827
0xa018fEB6840781436e5440De92F91659bCE036b6,61,2,236.11598068863657
0x8D0CA6267129287912AF5C2f524f1087f95C1e93,61,1,1717.215663866283
nexusmutant.eth,61,1,60.47946382953363
0x79bF225FBfd40f78B1878A6d1EeC1Bb03dF92AeB,61,1,292.1730223293453
0x6c11C151adC437dB6b95968997aB8CaA0d7188d0,61,1,411.6167184273724
0xC3774aF3452628636D031544D1e8893c3D8701AB,61,1,2320.256465571586
0x848F11E9c468be9EF6bF5F1Daa742e6ADF25D7A7,61,1,31.30404713084564
0xcAc59F91E4536Bc0E79aB816a5cD54e89f10433C,61,1,17.538363167911175
0x53e60bb4603950377Ea15b268b5741143369952F,61,2,500.1218422792573
0xa60DD9d42fdD43E91Da63BD261997E14F21C69Fd,61,1,19.618584375979612
0x3EAD00d7E1B95c5E99F287f04c72f62f2CB67c80,61,1,1646.1973983236262
0x716722C80757FFF31DA3F3C392A1736b7cfa3A3e,61,1,1.387813578305565
0x8C878B8f805472C0b70eD66a71c0B33da3d233c8,61,1,3388.229337880723
0xc19ffCAe411ad4ecF60b2c5C3A26047EEa1A9805,61,1,2217.4049288591964
twiddle.eth,61,1,262821.00459703285
0xBf6DCf9CD3ce1b10f583F5807d8F72B5f6912768,61,1,352.1532537323361
0x2A28e74C034710cCce2e7275C6c1d0778D60daed,61,1,145.48538872891325
0xCbf5b0aDF0F58cD1E24249d15CEB31e8624D1a94,61,1,7398.943144134194
0xAcaD92FE0F90820B3300F64436Be3cBD5d2aF725,61,1,5.200627229922391
0x69cac784D1F0387Eac5f6caC903865eA8804Ed38,61,1,408.9855677475827
0xa018fEB6840781436e5440De92F91659bCE036b6,62,2,236.11598068863657
0x8D0CA6267129287912AF5C2f524f1087f95C1e93,62,1,1717.215663866283
0x79bF225FBfd40f78B1878A6d1EeC1Bb03dF92AeB,62,1,292.1730223293453
0x6c11C151adC437dB6b95968997aB8CaA0d7188d0,62,1,411.6167184273724
0x848F11E9c468be9EF6bF5F1Daa742e6ADF25D7A7,62,1,31.30404713084564
0x37Fa7c6B28fc5545d9523D6dbb329Be7e1B9e7A0,62,1,41.81440881056189
0xcAc59F91E4536Bc0E79aB816a5cD54e89f10433C,62,1,17.538363167911175
0x53e60bb4603950377Ea15b268b5741143369952F,62,1,500.1218422792573
0xa60DD9d42fdD43E91Da63BD261997E14F21C69Fd,62,1,19.618584375979612
0x3EAD00d7E1B95c5E99F287f04c72f62f2CB67c80,62,1,1646.1973983236262
0x8C878B8f805472C0b70eD66a71c0B33da3d233c8,62,1,3388.229337880723
0xc19ffCAe411ad4ecF60b2c5C3A26047EEa1A9805,62,1,2217.4049288591964
twiddle.eth,62,1,262821.00459703285
0x7Cf6D8a0940344a51E797F5C1e5b654deEEf7C00,62,1,2298.286796163628
0xBf6DCf9CD3ce1b10f583F5807d8F72B5f6912768,62,1,352.1532537323361
0x2A28e74C034710cCce2e7275C6c1d0778D60daed,62,1,145.48538872891325
0xCbf5b0aDF0F58cD1E24249d15CEB31e8624D1a94,62,1,7398.943144134194
0xAcaD92FE0F90820B3300F64436Be3cBD5d2aF725,62,1,5.200627229922391
0x83D2486b9646cF6F7A4EA8F0CfA8dfb961F9d6BB,62,1,41.204540378535015
0x69cac784D1F0387Eac5f6caC903865eA8804Ed38,62,1,408.9855677475827
0x716722C80757FFF31DA3F3C392A1736b7cfa3A3e,63,2,1.387813578305565
0xa60DD9d42fdD43E91Da63BD261997E14F21C69Fd,63,1,19.57290311167648
